Latitude,Longitude,OBJECTID,ACCIDENT_NO,ABS_CODE,ACCIDENT_STATUS,ACCIDENT_DATE,ACCIDENT_TIME,ALCOHOLTIME,ACCIDENT_TYPE,DAY_OF_WEEK,DCA_CODE,HIT_RUN_FLAG,LIGHT_CONDITION,POLICE_ATTEND,ROAD_GEOMETRY,SEVERITY,SPEED_ZONE,RUN_OFFROAD,NODE_ID,LONGITUDE,LATITUDE,NODE_TYPE,LGA_NAME,REGION_NAME,VICGRID_X,VICGRID_Y,TOTAL_PERSONS,INJ_OR_FATAL,FATALITY,SERIOUSINJURY,OTHERINJURY,NONINJURED,MALES,FEMALES,BICYCLIST,PASSENGER,DRIVER,PEDESTRIAN,PILLION,MOTORIST,UNKNOWN,PED_CYCLIST_5_12,PED_CYCLIST_13_18,OLD_PEDESTRIAN,OLD_DRIVER,YOUNG_DRIVER,ALCOHOL_RELATED,UNLICENCSED,NO_OF_VEHICLES,HEAVYVEHICLE,PASSENGERVEHICLE,MOTORCYCLE,PUBLICVEHICLE,DEG_URBAN_NAME,DEG_URBAN_ALL,LGA_NAME_ALL,REGION_NAME_ALL,SRNS,SRNS_ALL,RMA,RMA_ALL,DIVIDED,DIVIDED_ALL,STAT_DIV_NAME
-38.05171524,145.1156607,1001,T20100030391,ABS to receive accident,Finished,31-07-2010,12.30.00,No,Collision with vehicle,Saturday,LEFT REAR,No,Day,No,T intersection,Serious injury accident,60,No,893,145.11566,-38.05172,Intersection,KINGSTON,METROPOLITAN SOUTH EAST REGION,2510151.785,2383277.748,3,2,0,1,1,1,2,1,0,1,2,0,0,0,0,0,0,0,0,0,No,0,2,0,2,0,0,Metropolitan Excluding CBD,Metropolitan Excluding CBD,KINGSTON,METROPOLITAN SOUTH EAST REGION,C,B,Arterial Highway,"Arterial Highway,Local Road",Undivided,Undivided,Metro
-37.5287819,145.4369936,1002,T20100030392,ABS to receive accident,Finished,31-07-2010,10.20.00,No,No collision and no object struck,Saturday,OUT OF CONTROL ON CARRIAGEWAY (ON STRAIGHT),No,Day,Yes,T intersection,Serious injury accident,100,No,60668,145.43699,-37.52878,Intersection,MURRINDINDI,NORTH EASTERN REGION,2538622.148,2441233.843,1,1,0,1,0,0,0,1,0,0,0,0,0,1,0,0,0,0,0,0,No,0,1,0,0,1,0,Country,Country,"MURRINDINDI,MURRINDINDI",NORTH EASTERN REGION,C,C,Arterial Other,"Arterial Other,Local Road",Undivided,Undivided,Country
-38.54197722,143.9754071,1003,T20100030398,ABS to receive accident,Finished,31-07-2010,13.02.00,No,Struck Pedestrian,Saturday,FAR SIDE. PED HIT BY VEHICLE FROM THE LEFT,No,Day,Yes,Not at intersection,Other injury accident,50,No,235067,143.97541,-38.54198,Non-Intersection,SURF COAST,SOUTH WESTERN REGION,2410656.747,2328377.19,2,2,0,0,2,0,1,1,1,0,0,1,0,0,0,0,0,0,0,0,No,0,1,0,0,0,0,Other Towns,Other Towns,SURF COAST,SOUTH WESTERN REGION,B,B,Arterial Highway,Arterial Highway,Undivided,Undivided,Country
-37.73696653,145.0041714,1004,T20100030399,ABS to receive accident,Finished,31-07-2010,11.50.00,No,Collision with vehicle,Saturday,RIGHT NEAR (INTERSECTIONS ONLY),No,Day,Yes,T intersection,Serious injury accident,40,No,1096,145.00417,-37.73697,Intersection,DAREBIN,METROPOLITAN NORTH WEST REGION,2500367.66,2418218.255,3,1,0,1,0,2,3,0,0,0,2,0,0,1,0,0,0,0,0,1,No,0,3,0,2,1,0,Metropolitan Excluding CBD,Metropolitan Excluding CBD,DAREBIN,METROPOLITAN NORTH WEST REGION,,,Local Road,Local Road,Undivided,Undivided,Metro
-37.62397351,144.9329349,1005,T20100030401,ABS to receive accident,Finished,31-07-2010,11.20.00,No,Struck animal,Saturday,STRUCK ANIMAL,No,Day,Yes,T intersection,Serious injury accident,70,No,57208,144.93293,-37.62397,Intersection,HUME,METROPOLITAN NORTH WEST REGION,2494080.107,2430756.301,4,2,0,1,1,2,1,3,0,2,2,0,0,0,0,0,0,0,0,1,No,0,2,0,2,0,0,Metropolitan Excluding CBD,Metropolitan Excluding CBD,HUME,METROPOLITAN NORTH WEST REGION,,,Local Road,Local Road,Undivided,Undivided,Metro
-38.42053789,145.9072719,1006,T20100030403,ABS to receive accident,Finished,31-07-2010,11.40.00,No,Vehicle overturned (no collision),Saturday,OFF CARRIAGEWAY ON LEFT BEND,No,Day,Yes,Not at intersection,Serious injury accident,100,Yes,235107,145.90727,-38.42054,Non-Intersection,SOUTH GIPPSLAND,EASTERN REGION,2579241.826,2341963.285,1,1,0,1,0,0,1,0,0,0,0,0,0,1,0,0,0,0,0,0,No,0,1,0,0,1,0,Country,Country,SOUTH GIPPSLAND,"EASTERN REGION,EASTERN REGION",,,Local Road,Local Road,Undivided,Undivided,Country
-37.88265431,145.1101261,1007,T20100030405,ABS to receive accident,Finished,31-07-2010,11.00.00,No,Collision with vehicle,Saturday,REAR END(VEHICLES IN SAME LANE),No,Day,Yes,Cross intersection,Other injury accident,70,No,29662,145.11013,-37.88265,Intersection,MONASH,METROPOLITAN SOUTH EAST REGION,2509687.713,2402043.197,5,2,0,0,2,3,1,4,0,2,3,0,0,0,0,0,0,0,0,1,Yes,0,3,0,3,0,0,Metropolitan Excluding CBD,Metropolitan Excluding CBD,MONASH,METROPOLITAN SOUTH EAST REGION,,,Arterial Other,"Arterial Other,Local Road",Undivided,Undivided,Metro
-37.69521706,145.0922991,1008,T20100030410,ABS to receive accident,Finished,30-07-2010,12.10.00,No,Collision with vehicle,Friday,RIGHT THROUGH,No,Day,Yes,T intersection,Other injury accident,80,No,222100,145.0923,-37.69522,Intersection,BANYULE,METROPOLITAN NORTH WEST REGION,2508139.653,2422847.794,3,1,0,0,1,2,1,2,0,0,3,0,0,0,0,0,0,0,0,0,No,1,3,0,3,0,0,Metropolitan Excluding CBD,Metropolitan Excluding CBD,BANYULE,METROPOLITAN NORTH WEST REGION,M,M,Freeway,"Freeway,Arterial Highway",Undivided,Undivided,Metro
-36.32748165,145.6898261,1009,T20100030421,ABS to receive accident,Finished,31-07-2010,14.40.00,Yes,Collision with vehicle,Saturday,LANE SIDE SWIPE (VEHICLES IN PARALLEL LANES),No,Day,Yes,Cross intersection,Serious injury accident,60,No,17605,145.68983,-36.32748,Intersection,SHEPPARTON,NORTH EASTERN REGION,2561933.431,2574396.286,3,2,0,1,1,1,3,0,3,0,0,0,0,0,0,0,0,0,0,0,No,0,3,0,0,0,0,Country,Country,SHEPPARTON,NORTH EASTERN REGION,C,C,Arterial Other,"Arterial Other,Local Road",Undivided,Undivided,Country
-37.9248454,145.0891393,1010,T20100030423,ABS to receive accident,Finished,30-07-2010,13.50.00,No,Collision with vehicle,Friday,RIGHT REAR.,No,Day,No,T intersection,Other injury accident,60,No,29682,145.08914,-37.92485,Intersection,KINGSTON,METROPOLITAN SOUTH EAST REGION,2507837.137,2397362.276,2,2,0,0,2,0,1,1,0,0,2,0,0,0,0,0,0,0,1,0,No,0,2,0,2,0,0,Metropolitan Excluding CBD,Metropolitan Excluding CBD,"MONASH,KINGSTON",METROPOLITAN SOUTH EAST REGION,,,Arterial Other,"Arterial Other,Local Road",Undivided,Undivided,Metro
-37.78297425,144.7730197,1011,T20100030427,ABS to receive accident,Finished,31-07-2010,14.56.00,Yes,Collision with vehicle,Saturday,REAR END(VEHICLES IN SAME LANE),No,Day,Yes,Cross intersection,Other injury accident,70,No,57065,144.77302,-37.78297,Intersection,BRIMBANK,METROPOLITAN NORTH WEST REGION,2480006.345,2413088.271,5,1,0,0,1,4,1,4,0,3,2,0,0,0,0,0,0,0,0,0,No,0,2,0,2,0,0,Metropolitan Excluding CBD,Metropolitan Excluding CBD,BRIMBANK,METROPOLITAN NORTH WEST REGION,,,Arterial Other,"Arterial Other,Local Road",Undivided,Undivided,Metro
-37.89831076,145.2381589,1012,T20100030431,ABS to receive accident,Finished,31-07-2010,07.58.00,Yes,Collision with vehicle,Saturday,REAR END(VEHICLES IN SAME LANE),No,Day,No,Not at intersection,Other injury accident,80,No,235109,145.23816,-37.89831,Non-Intersection,KNOX,METROPOLITAN SOUTH EAST REGION,2520946.295,2400284.876,2,1,0,0,1,1,0,2,0,0,2,0,0,0,0,0,0,0,0,1,No,0,2,0,2,0,0,Metropolitan Excluding CBD,Metropolitan Excluding CBD,KNOX,METROPOLITAN SOUTH EAST REGION,,,Arterial Other,Arterial Other,Undivided,Undivided,Metro
-37.39746757,142.3342632,1013,T20100030432,ABS to receive accident,Finished,31-07-2010,14.05.00,Yes,Struck animal,Saturday,STRUCK ANIMAL,No,Day,Yes,Not at intersection,Serious injury accident,100,No,235203,142.33426,-37.39747,Non-Intersection,SOUTHERN GRAMPIANS,SOUTH WESTERN REGION,2264020.145,2452590.745,1,1,0,1,0,0,1,0,0,0,0,0,0,1,0,0,0,0,0,0,No,0,1,0,0,1,0,Country,Country,SOUTHERN GRAMPIANS,SOUTH WESTERN REGION,,,Local Road,Local Road,Undivided,Undivided,Country
-36.95592734,144.2360593,1014,T20100030433,ABS to receive accident,Finished,31-07-2010,13.30.00,No,Collision with vehicle,Saturday,CROSS TRAFFIC(INTERSECTIONS ONLY),No,Day,Yes,Cross intersection,Fatal accident,100,No,279270,144.23606,-36.95593,Intersection,MOUNT ALEXANDER,NORTHERN REGION,2431972.164,2504617.371,4,4,1,2,1,0,1,3,0,2,2,0,0,0,0,0,0,0,0,0,No,0,2,0,2,0,0,Country,Country,MOUNT ALEXANDER,NORTHERN REGION,M,M,Freeway,"Freeway,Local Road",Undivided,Undivided,Country
-37.89909609,145.162373,1015,T20100030439,ABS to receive accident,Finished,31-07-2010,15.30.00,Yes,Collision with vehicle,Saturday,REAR END(VEHICLES IN SAME LANE),No,Day,Yes,Not at intersection,Other injury accident,80,No,235087,145.16237,-37.8991,Non-Intersection,MONASH,METROPOLITAN SOUTH EAST REGION,2514280.719,2400211.733,11,2,0,0,2,9,5,6,0,7,4,0,0,0,0,0,0,0,0,0,No,0,4,0,4,0,0,Metropolitan Excluding CBD,Metropolitan Excluding CBD,MONASH,METROPOLITAN SOUTH EAST REGION,,,Arterial Highway,Arterial Highway,Undivided,Undivided,Metro
-36.75288119,145.9804596,1016,T20100030441,ABS to receive accident,Finished,31-07-2010,16.15.00,Yes,collision with some other object,Saturday,OTHER ACCIDENTS NOT CLASSIFIABLE ELSEWHERE,No,Day,Yes,Not at intersection,Serious injury accident,100,No,235149,145.98046,-36.75288,Non-Intersection,BENALLA,NORTH EASTERN REGION,2587539.962,2526969.23,1,1,0,1,0,0,1,0,0,0,1,0,0,0,0,0,0,0,0,0,No,0,1,0,1,0,0,Country,Country,BENALLA,NORTH EASTERN REGION,,,Local Road,Local Road,Undivided,Undivided,Country
-36.14144524,147.0070188,1017,T20100030442,ABS to receive accident,Finished,31-07-2010,16.00.00,Yes,Collision with a fixed object,Saturday,RIGHT OFF CARRIAGEWAY INTO OBJECT/PARKED VEHICLE,No,Day,Yes,Cross intersection,Other injury accident,80,Yes,49355,147.00702,-36.14145,Intersection,WODONGA,NORTH EASTERN REGION,2680615.967,2593358.66,2,1,0,0,1,1,1,1,0,1,1,0,0,0,0,0,0,0,0,1,No,0,1,0,1,0,0,Country,Country,WODONGA,NORTH EASTERN REGION,B,"B,C",Arterial Highway,"Arterial Highway,Local Road,Arterial Other",Undivided,Undivided,Country
-38.11133197,145.1464978,1018,T20100030444,ABS to receive accident,Finished,30-07-2010,15.30.00,No,Struck Pedestrian,Friday,PED PLAYING/LYING/WORKING/STANDING ON CARRIAGEWAY.,No,Day,No,Not at intersection,Other injury accident,40,No,237002,145.1465,-38.11133,Non-Intersection,FRANKSTON,METROPOLITAN SOUTH EAST REGION,2512848.242,2376656.519,2,1,0,0,1,1,1,1,0,0,1,1,0,0,0,0,0,0,0,0,No,0,1,0,1,0,0,Metropolitan Excluding CBD,Metropolitan Excluding CBD,FRANKSTON,METROPOLITAN SOUTH EAST REGION,,,Arterial Other,Arterial Other,Undivided,Undivided,Metro
-37.86091217,145.2108844,1019,T20100030445,ABS to receive accident,Finished,31-07-2010,17.15.00,Yes,Collision with vehicle,Saturday,RIGHT THROUGH,No,Dusk/Dawn,Yes,Multiple intersection,Other injury accident,80,No,221880,145.21088,-37.86091,Non-Intersection,KNOX,METROPOLITAN SOUTH EAST REGION,2518556.674,2404441.407,4,2,0,0,2,2,4,0,0,2,2,0,0,0,0,0,0,0,0,1,No,0,2,0,2,0,0,Metropolitan Excluding CBD,Metropolitan Excluding CBD,KNOX,METROPOLITAN SOUTH EAST REGION,,,Arterial Highway,Arterial Highway,Undivided,Undivided,Metro
-38.10136234,145.1877891,1020,T20100030452,ABS to receive accident,Finished,31-07-2010,18.05.00,Yes,Collision with vehicle,Saturday,RIGHT THROUGH,No,Dark Street lights on,Yes,T intersection,Other injury accident,70,No,29445,145.18779,-38.10136,Intersection,FRANKSTON,METROPOLITAN SOUTH EAST REGION,2516471.771,2377756.81,3,2,0,0,2,1,2,1,0,1,2,0,0,0,0,0,0,0,0,0,No,0,2,0,2,0,0,Metropolitan Excluding CBD,Metropolitan Excluding CBD,FRANKSTON,METROPOLITAN SOUTH EAST REGION,,,Local Road,Local Road,Undivided,Undivided,Metro
-37.89508732,145.0766616,1021,T20100030464,ABS to receive accident,Finished,31-07-2010,16.30.00,Yes,Collision with vehicle,Saturday,RIGHT FAR (INTERSECTIONS ONLY),No,Day,Yes,T intersection,Serious injury accident,50,No,41503,145.07666,-37.89509,Intersection,GLEN EIRA,METROPOLITAN SOUTH EAST REGION,2506742.752,2400666.135,5,2,0,2,0,3,3,2,0,1,4,0,0,0,0,0,0,0,1,2,No,0,4,0,4,0,0,Metropolitan Excluding CBD,Metropolitan Excluding CBD,"MONASH,GLEN EIRA",METROPOLITAN SOUTH EAST REGION,,,Local Road,Local Road,Undivided,Undivided,Metro
-37.86285701,145.2384504,1022,T20100030474,ABS to receive accident,Finished,31-07-2010,23.00.00,Yes,Collision with vehicle,Saturday,REAR END(VEHICLES IN SAME LANE),No,Dark Street lights on,Yes,Not at intersection,Other injury accident,80,No,236199,145.23845,-37.86286,Non-Intersection,KNOX,METROPOLITAN SOUTH EAST REGION,2520981.794,2404219.826,3,1,0,0,1,2,3,0,0,1,2,0,0,0,0,0,0,0,0,1,No,0,2,0,2,0,0,Metropolitan Excluding CBD,Metropolitan Excluding CBD,KNOX,METROPOLITAN SOUTH EAST REGION,,,Arterial Other,Arterial Other,Undivided,Undivided,Metro
-37.862879,145.2916063,1023,T20100030475,ABS to receive accident,Finished,04-07-2010,08.00.00,Yes,Collision with a fixed object,Sunday,OFF END OF ROAD/T-INTERSECTION.,Yes,Day,No,T intersection,Other injury accident,60,No,35534,145.29161,-37.86288,Intersection,KNOX,METROPOLITAN SOUTH EAST REGION,2525659.08,2404204.364,1,1,0,0,1,0,0,1,0,0,1,0,0,0,0,0,0,0,0,0,No,0,1,0,1,0,0,Metropolitan Excluding CBD,Metropolitan Excluding CBD,KNOX,METROPOLITAN SOUTH EAST REGION,,,Arterial Other,"Arterial Other,Local Road",Undivided,Undivided,Metro
-37.69172235,144.9585787,1024,T20100030477,ABS to receive accident,Finished,31-07-2010,23.00.00,Yes,Collision with vehicle,Saturday,RIGHT/LEFT. ONE VEH TURNING RIGHT THE OTHER LEFT.,No,Dark Street lights on,Yes,Multiple intersection,Other injury accident,60,No,222013,144.95858,-37.69172,Intersection,HUME,METROPOLITAN NORTH WEST REGION,2496346.982,2423238.795,9,2,0,0,2,7,5,4,0,4,3,0,1,1,0,0,0,0,0,2,No,0,4,0,3,1,0,Metropolitan Excluding CBD,Metropolitan Excluding CBD,HUME,METROPOLITAN NORTH WEST REGION,M,M,Freeway,"Freeway,Arterial Other",Undivided,Undivided,Metro
-35.96989125,145.7137575,1025,T20100030480,ABS to receive accident,Finished,31-07-2010,23.00.00,Yes,Collision with vehicle,Saturday,CROSS TRAFFIC(INTERSECTIONS ONLY),No,Dark No street lights,Yes,Cross intersection,Other injury accident,100,No,235093,145.71376,-35.96989,Intersection,MOIRA,NORTH EASTERN REGION,2564379.456,2614056.605,4,2,0,0,2,2,2,2,0,2,2,0,0,0,0,0,0,0,0,0,No,0,2,1,1,0,0,Country,Country,MOIRA,NORTH EASTERN REGION,,,Local Road,Local Road,Undivided,Undivided,Country
-37.80233683,145.0743154,1026,T20100030484,ABS to receive accident,Finished,01-08-2010,02.50.00,Yes,Collision with vehicle,Sunday,VEHICLE COLLIDES WITH VEHICLE PARKED ON LEFT OF ROAD,No,Dark Street lights off,Yes,Not at intersection,Other injury accident,60,No,235094,145.07432,-37.80234,Non-Intersection,BOROONDARA,METROPOLITAN SOUTH EAST REGION,2506544.43,2410960.571,1,1,0,0,1,0,1,0,0,0,1,0,0,0,0,0,0,0,0,1,No,0,3,0,3,0,0,Metropolitan Excluding CBD,Metropolitan Excluding CBD,BOROONDARA,METROPOLITAN SOUTH EAST REGION,,,Arterial Other,Arterial Other,Undivided,Undivided,Metro
-37.80624088,144.9818053,1027,T20100030488,ABS to receive accident,Finished,30-07-2010,23.25.00,Yes,Struck Pedestrian,Friday,PED NEAR SIDE. PED HIT BY VEHICLE FROM THE RIGHT.,No,Dark Street lights on,Yes,Cross intersection,Serious injury accident,40,No,36545,144.98181,-37.80624,Intersection,YARRA,METROPOLITAN NORTH WEST REGION,2498397.805,2410529.674,5,1,0,1,0,4,3,2,0,3,1,1,0,0,0,0,0,0,0,1,No,0,1,0,1,0,0,Metropolitan Excluding CBD,Metropolitan Excluding CBD,YARRA,METROPOLITAN NORTH WEST REGION,,,Local Road,Local Road,Undivided,Undivided,Metro
-37.69065936,145.1450048,1028,T20100030491,ABS to receive accident,Finished,01-08-2010,02.25.00,Yes,Collision with a fixed object,Sunday,OFF RIGHT BEND INTO OBJECT/PARKED VEHICLE,No,Dark No street lights,Yes,Not at intersection,Fatal accident,70,Yes,235025,145.145,-37.69066,Non-Intersection,NILLUMBIK,METROPOLITAN NORTH WEST REGION,2512788.42,2423347.823,1,1,1,0,0,0,1,0,0,0,1,0,0,0,0,0,0,0,0,0,No,0,1,0,1,0,0,Metropolitan Excluding CBD,Metropolitan Excluding CBD,NILLUMBIK,METROPOLITAN NORTH WEST REGION,,,Arterial Other,Arterial Other,Undivided,Undivided,Metro
-37.80962076,144.9915977,1029,T20100030492,ABS to receive accident,Finished,01-08-2010,01.24.00,Yes,Struck Pedestrian,Sunday,PED NEAR SIDE. PED HIT BY VEHICLE FROM THE RIGHT.,No,Dark Street lights on,Yes,Not at intersection,Other injury accident,40,No,235692,144.9916,-37.80962,Non-Intersection,YARRA,METROPOLITAN NORTH WEST REGION,2499260.14,2410154.671,2,1,0,0,1,1,2,0,0,0,1,1,0,0,0,0,0,0,0,0,No,0,1,0,1,0,0,Metropolitan Excluding CBD,Metropolitan Excluding CBD,YARRA,METROPOLITAN NORTH WEST REGION,,,Arterial Other,Arterial Other,Undivided,Undivided,Metro
-37.81291665,145.2271784,1030,T20100030494,ABS to receive accident,Finished,01-08-2010,06.00.00,Yes,Struck Pedestrian,Sunday,ANY MANOEUVRE INVOLVING PED NOT INCLUDED IN DCAs 100-108.,Yes,Dark Street lights on,No,Not at intersection,Other injury accident,50,No,235693,145.22718,-37.81292,Non-Intersection,MAROONDAH,METROPOLITAN SOUTH EAST REGION,2520003.17,2409765.036,2,1,0,0,1,1,2,0,0,0,1,1,0,0,0,0,0,0,0,1,No,0,1,0,1,0,0,Metropolitan Excluding CBD,Metropolitan Excluding CBD,MAROONDAH,METROPOLITAN SOUTH EAST REGION,,,Local Road,Local Road,Undivided,Undivided,Metro
-37.81101819,145.23749,1031,T20100030496,ABS to receive accident,Finished,31-07-2010,22.37.00,Yes,Collision with vehicle,Saturday,CROSS TRAFFIC(INTERSECTIONS ONLY),No,Dark Street lights on,Yes,Cross intersection,Other injury accident,80,No,84,145.23749,-37.81102,Intersection,MAROONDAH,METROPOLITAN SOUTH EAST REGION,2520911.635,2409973.524,4,1,0,0,1,3,3,1,0,2,2,0,0,0,0,0,0,0,0,0,Yes,0,2,0,2,0,0,Metropolitan Excluding CBD,Metropolitan Excluding CBD,MAROONDAH,METROPOLITAN SOUTH EAST REGION,,,Arterial Highway,"Arterial Highway,Arterial Other",Undivided,Undivided,Metro
-38.07959194,145.2548975,1032,T20100030497,ABS to receive accident,Finished,28-07-2010,19.15.00,Yes,Collision with vehicle,Wednesday,REAR END(VEHICLES IN SAME LANE),No,Dark Street lights unknown,No,Not at intersection,Other injury accident,80,No,236411,145.2549,-38.07959,Non-Intersection,CASEY,METROPOLITAN SOUTH EAST REGION,2522364.593,2380159.66,4,1,0,0,1,3,2,2,0,1,3,0,0,0,0,0,0,0,0,2,No,1,3,0,3,0,0,Metropolitan Excluding CBD,Metropolitan Excluding CBD,CASEY,METROPOLITAN SOUTH EAST REGION,,,Arterial Other,Arterial Other,Undivided,Undivided,Metro
-37.86858969,145.1807228,1033,T20100030500,ABS to receive accident,Finished,31-07-2010,10.45.00,No,Collision with vehicle,Saturday,U TURN,No,Day,Yes,Not at intersection,Other injury accident,50,No,235095,145.18072,-37.86859,Non-Intersection,MONASH,METROPOLITAN SOUTH EAST REGION,2515901.003,2403594.742,4,3,0,0,3,1,4,0,0,2,2,0,0,0,0,0,0,0,0,0,No,0,2,0,2,0,0,Metropolitan Excluding CBD,Metropolitan Excluding CBD,MONASH,METROPOLITAN SOUTH EAST REGION,,,Local Road,Local Road,Undivided,Undivided,Metro
-36.72932431,144.3065314,1034,T20100030509,ABS to receive accident,Finished,01-08-2010,09.55.00,Yes,Collision with vehicle,Sunday,RIGHT THROUGH,No,Day,Yes,Not at intersection,Other injury accident,60,No,235694,144.30653,-36.72932,Non-Intersection,BENDIGO,NORTHERN REGION,2438064.335,2529808.241,3,1,0,0,1,2,1,2,0,1,2,0,0,0,0,0,0,0,0,0,No,0,2,0,2,0,0,Large Provincial Cities,Large Provincial Cities,BENDIGO,NORTHERN REGION,A,A,Arterial Highway,Arterial Highway,Undivided,Undivided,Country
-37.78635491,144.791036,1035,T20100030513,ABS to receive accident,Finished,01-08-2010,09.20.00,Yes,Collision with a fixed object,Sunday,LEFT OFF CARRIAGEWAY INTO OBJECT/PARKED VEHICLE,No,Day,Yes,Cross intersection,Other injury accident,60,Yes,38501,144.79104,-37.78635,Intersection,BRIMBANK,METROPOLITAN NORTH WEST REGION,2481594.139,2412716.699,1,1,0,0,1,0,0,1,0,0,1,0,0,0,0,0,0,0,0,0,No,0,1,0,1,0,0,Metropolitan Excluding CBD,Metropolitan Excluding CBD,BRIMBANK,METROPOLITAN NORTH WEST REGION,,,Local Road,Local Road,Undivided,Undivided,Metro
-38.35350284,145.1941813,1036,T20100030515,ABS to receive accident,Finished,31-07-2010,09.14.00,No,Collision with vehicle,Saturday,U TURN,No,Day,No,Not at intersection,Other injury accident,70,No,235152,145.19418,-38.3535,Non-Intersection,MORNINGTON PENINSULA,METROPOLITAN SOUTH EAST REGION,2516975.369,2349765.765,2,1,0,0,1,1,1,1,0,0,2,0,0,0,0,0,0,0,1,0,No,0,2,0,2,0,0,Metropolitan Excluding CBD,Metropolitan Excluding CBD,MORNINGTON PENINSULA,METROPOLITAN SOUTH EAST REGION,,,Local Road,Local Road,Undivided,Undivided,Metro
-37.8730261,145.1553674,1037,T20100030519,ABS to receive accident,Finished,01-08-2010,11.50.00,No,Struck Pedestrian,Sunday,PED NEAR SIDE. PED HIT BY VEHICLE FROM THE RIGHT.,No,Day,Yes,Not at intersection,Other injury accident,70,No,125116,145.15537,-37.87303,Non-Intersection,MONASH,METROPOLITAN SOUTH EAST REGION,2513669.295,2403106.284,2,1,0,0,1,1,0,2,0,0,1,1,0,0,0,0,0,0,0,0,No,0,1,0,1,0,0,Metropolitan Excluding CBD,Metropolitan Excluding CBD,MONASH,METROPOLITAN SOUTH EAST REGION,,,Arterial Other,Arterial Other,Undivided,Undivided,Metro
-37.5146056,145.1147075,1038,T20100030527,ABS to receive accident,Finished,30-07-2010,16.40.00,Yes,Collision with vehicle,Friday,CROSS TRAFFIC(INTERSECTIONS ONLY),No,Dusk/Dawn,Yes,Cross intersection,Other injury accident,60,No,49067,145.11471,-37.51461,Intersection,WHITTLESEA,METROPOLITAN NORTH WEST REGION,2510139.954,2442889.595,3,2,0,0,2,1,2,1,0,1,2,0,0,0,0,0,0,0,1,0,No,0,2,0,2,0,0,Other Towns,Other Towns,WHITTLESEA,METROPOLITAN NORTH WEST REGION,C,C,Arterial Other,Arterial Other,Undivided,Undivided,Metro
-37.85223189,145.1480264,1039,T20100030544,ABS to receive accident,Finished,31-07-2010,19.00.00,Yes,Collision with vehicle,Saturday,U TURN,No,Dark Street lights on,Yes,Not at intersection,Serious injury accident,70,No,235153,145.14803,-37.85223,Non-Intersection,WHITEHORSE,METROPOLITAN SOUTH EAST REGION,2513027.02,2405415.25,3,1,0,1,0,2,1,1,0,1,2,0,0,0,0,0,0,0,0,1,No,0,2,0,1,0,1,Metropolitan Excluding CBD,Metropolitan Excluding CBD,WHITEHORSE,METROPOLITAN SOUTH EAST REGION,,,Arterial Highway,Arterial Highway,Undivided,Undivided,Metro
-37.66516501,145.0324443,1040,T20100030547,ABS to receive accident,Finished,01-08-2010,15.07.00,No,Struck Pedestrian,Sunday,PED NEAR SIDE. PED HIT BY VEHICLE FROM THE RIGHT.,No,Day,Yes,Cross intersection,Serious injury accident,70,No,38241,145.03244,-37.66517,Intersection,WHITTLESEA,METROPOLITAN NORTH WEST REGION,2502862.326,2426186.47,2,1,0,1,0,1,0,2,0,0,1,1,0,0,0,0,0,1,0,1,No,0,1,0,1,0,0,Metropolitan Excluding CBD,Metropolitan Excluding CBD,WHITTLESEA,METROPOLITAN NORTH WEST REGION,,,Arterial Other,"Arterial Other,Local Road",Undivided,Undivided,Metro
-37.92578807,145.4499401,1041,T20100030553,ABS to receive accident,Finished,01-08-2010,15.28.00,No,Collision with vehicle,Sunday,HEAD ON (NOT OVERTAKING),No,Day,Yes,T intersection,Other injury accident,60,No,43843,145.44994,-37.92579,Intersection,CARDINIA,METROPOLITAN SOUTH EAST REGION,2539558.127,2397167.834,2,1,0,0,1,1,1,1,0,0,2,0,0,0,0,0,0,0,0,2,No,0,2,0,2,0,0,Metropolitan Excluding CBD,Metropolitan Excluding CBD,CARDINIA,METROPOLITAN SOUTH EAST REGION,C,C,Arterial Other,"Arterial Other,Local Road",Undivided,Undivided,Metro
-37.69869627,144.7869299,1042,T20100030563,ABS to receive accident,Finished,01-08-2010,15.50.00,No,Collision with vehicle,Sunday,REAR END(VEHICLES IN SAME LANE),No,Day,Yes,Not at intersection,Other injury accident,80,No,235154,144.78693,-37.6987,Non-Intersection,BRIMBANK,METROPOLITAN NORTH WEST REGION,2481210.699,2422444.584,5,2,0,0,2,3,3,2,0,2,3,0,0,0,0,0,0,0,0,0,No,0,3,0,3,0,0,Metropolitan Excluding CBD,Metropolitan Excluding CBD,BRIMBANK,METROPOLITAN NORTH WEST REGION,C,C,Arterial Other,Arterial Other,Undivided,Undivided,Metro
-37.81006538,144.969869,1043,T20100030564,ABS to receive accident,Finished,01-08-2010,04.35.00,Yes,Collision with vehicle,Sunday,RIGHT TURN SIDESWIPE,No,Dark Street lights on,Yes,Not at intersection,Other injury accident,60,No,75309,144.96987,-37.81007,Non-Intersection,MELBOURNE,METROPOLITAN NORTH WEST REGION,2497346.847,2410104.937,7,1,0,0,1,6,5,2,0,5,2,0,0,0,0,0,0,0,0,0,No,0,2,0,2,0,0,Metropolitan CBD Only,Metropolitan CBD Only,MELBOURNE,METROPOLITAN NORTH WEST REGION,,,Local Road,Local Road,Undivided,Undivided,Metro
-37.79008798,145.1253198,1044,T20100030569,ABS to receive accident,Finished,01-08-2010,15.35.00,No,Collision with vehicle,Sunday,LEFT TURN SIDESWIPE,No,Day,Yes,T intersection,Other injury accident,60,No,39303,145.12532,-37.79009,Intersection,MANNINGHAM,METROPOLITAN SOUTH EAST REGION,2511037.809,2412315.316,3,1,0,0,1,2,0,3,0,1,2,0,0,0,0,0,0,0,0,0,No,0,2,0,2,0,0,Metropolitan Excluding CBD,Metropolitan Excluding CBD,MANNINGHAM,METROPOLITAN SOUTH EAST REGION,,,Arterial Other,"Arterial Other,Local Road",Undivided,Undivided,Metro
-37.5967999,144.9215075,1045,T20100030570,ABS to receive accident,Finished,01-08-2010,14.30.00,No,Collision with vehicle,Sunday,VEHICLE STRIKES ANOTHER VEH WHILE EMERGING FROM DRIVEWAY,No,Day,Yes,Not at intersection,Other injury accident,60,No,234464,144.92151,-37.5968,Non-Intersection,HUME,METROPOLITAN NORTH WEST REGION,2493068.915,2433771.216,4,1,0,0,1,3,3,1,0,2,2,0,0,0,0,0,0,0,0,0,No,0,2,0,2,0,0,Metropolitan Excluding CBD,Metropolitan Excluding CBD,HUME,METROPOLITAN NORTH WEST REGION,C,C,Arterial Other,Arterial Other,Undivided,Undivided,Metro
-37.85510019,145.0175173,1046,T20100030574,ABS to receive accident,Finished,01-08-2010,14.05.00,No,Collision with vehicle,Sunday,REAR END(VEHICLES IN SAME LANE),No,Day,Yes,Cross intersection,Other injury accident,60,No,46227,145.01752,-37.8551,Intersection,STONNINGTON,METROPOLITAN SOUTH EAST REGION,2501541.543,2405106.886,3,1,0,0,1,2,1,2,0,1,2,0,0,0,0,0,0,0,1,0,No,0,2,0,2,0,0,Metropolitan Excluding CBD,Metropolitan Excluding CBD,STONNINGTON,METROPOLITAN SOUTH EAST REGION,,,Arterial Other,"Arterial Other,Local Road",Undivided,Undivided,Metro
-37.92581465,141.2897893,1047,T20100030584,ABS to receive accident,Finished,01-08-2010,12.30.00,No,Collision with a fixed object,Sunday,OFF LEFT BEND INTO OBJECT/PARKED VEHICLE,No,Day,Yes,Not at intersection,Other injury accident,100,Yes,235229,141.28979,-37.92581,Non-Intersection,GLENELG,SOUTH WESTERN REGION,2173884.725,2390902.751,4,2,0,0,2,2,2,2,0,3,1,0,0,0,0,0,0,0,0,0,No,0,1,0,1,0,0,Country,Country,GLENELG,SOUTH WESTERN REGION,C,C,Arterial Other,Arterial Other,Undivided,Undivided,Country
-37.92386578,145.1199776,1048,T20100030588,ABS to receive accident,Finished,01-08-2010,19.00.00,Yes,Struck Pedestrian,Sunday,FAR SIDE. PED HIT BY VEHICLE FROM THE LEFT,No,Dark Street lights on,No,Cross intersection,Other injury accident,60,No,42404,145.11998,-37.92387,Intersection,MONASH,METROPOLITAN SOUTH EAST REGION,2510548.572,2397468.028,3,1,0,0,1,2,2,1,0,1,1,1,0,0,0,0,1,0,0,0,No,0,1,0,1,0,0,Metropolitan Excluding CBD,Metropolitan Excluding CBD,MONASH,METROPOLITAN SOUTH EAST REGION,,,Arterial Other,"Arterial Other,Local Road",Undivided,Undivided,Metro
-37.8132706,145.0233726,1049,T20100030594,ABS to receive accident,Finished,01-08-2010,16.30.00,Yes,Collision with vehicle,Sunday,U TURN,No,Day,No,Not at intersection,Other injury accident,60,No,85996,145.02337,-37.81327,Non-Intersection,BOROONDARA,METROPOLITAN SOUTH EAST REGION,2502057.961,2409749.366,3,2,0,0,2,1,1,2,0,1,2,0,0,0,0,0,0,0,1,1,No,0,2,0,2,0,0,Metropolitan Excluding CBD,Metropolitan Excluding CBD,BOROONDARA,METROPOLITAN SOUTH EAST REGION,,,Arterial Other,Arterial Other,Undivided,Undivided,Metro
-37.87050791,144.7600715,1050,T20100030599,ABS to receive accident,Finished,01-08-2010,21.05.00,Yes,Collision with vehicle,Sunday,LANE CHANGE LEFT (NOT OVERTAKING),Yes,Dark Street lights on,No,Cross intersection,Other injury accident,60,No,10586,144.76007,-37.87051,Intersection,HOBSONS BAY,METROPOLITAN NORTH WEST REGION,2478890.287,2403370.331,2,1,0,0,1,1,0,1,0,0,2,0,0,0,0,0,0,0,0,1,No,0,2,0,2,0,0,Metropolitan Excluding CBD,Metropolitan Excluding CBD,HOBSONS BAY,METROPOLITAN NORTH WEST REGION,M,M,Freeway,"Freeway,Arterial Other",Undivided,Undivided,Metro
-37.9335329,145.0335797,1051,T20100030604,ABS to receive accident,Finished,01-08-2010,21.40.00,Yes,Collision with a fixed object,Sunday,RIGHT OFF CARRIAGEWAY INTO OBJECT/PARKED VEHICLE,No,Dark Street lights on,Yes,Not at intersection,Serious injury accident,40,Yes,235722,145.03358,-37.93353,Non-Intersection,BAYSIDE,METROPOLITAN SOUTH EAST REGION,2502951.989,2396401.174,2,1,0,1,0,1,2,0,0,1,1,0,0,0,0,0,0,0,0,1,No,0,1,0,1,0,0,Metropolitan Excluding CBD,Metropolitan Excluding CBD,BAYSIDE,METROPOLITAN SOUTH EAST REGION,,,Local Road,Local Road,Undivided,Undivided,Metro
-37.56983458,143.8104559,1052,T20100030623,ABS to receive accident,Finished,02-08-2010,06.00.00,Yes,Collision with vehicle,Monday,CROSS TRAFFIC(INTERSECTIONS ONLY),No,Dark Street lights on,Yes,Cross intersection,Other injury accident,60,No,52938,143.81046,-37.56983,Intersection,BALLARAT,WESTERN REGION,2394925.596,2436110.145,2,1,0,0,1,1,1,1,0,0,2,0,0,0,0,0,0,0,0,0,No,0,2,0,2,0,0,Large Provincial Cities,Large Provincial Cities,BALLARAT,WESTERN REGION,C,C,Arterial Other,Arterial Other,Undivided,Undivided,Country
-37.80068478,145.2983364,1053,T20100030630,ABS to receive accident,Finished,31-07-2010,22.40.00,Yes,Struck Pedestrian,Saturday,ANY MANOEUVRE INVOLVING PED NOT INCLUDED IN DCAs 100-108.,Yes,Dark Street lights on,Yes,Not at intersection,Serious injury accident,60,No,242605,145.29834,-37.80068,Non-Intersection,MAROONDAH,METROPOLITAN SOUTH EAST REGION,2526272.905,2411105.314,4,1,0,1,0,3,2,2,0,2,1,1,0,0,0,0,1,0,0,1,No,0,1,0,1,0,0,Metropolitan Excluding CBD,Metropolitan Excluding CBD,MAROONDAH,METROPOLITAN SOUTH EAST REGION,,,Arterial Other,Arterial Other,Undivided,Undivided,Metro
-37.77862928,145.0433618,1054,T20100030631,ABS to receive accident,Finished,09-07-2010,06.15.00,No,Collision with vehicle,Friday,VEHICLE COLLIDES WITH VEHICLE PARKED ON LEFT OF ROAD,No,Dark Street lights on,No,Not at intersection,Other injury accident,60,No,235100,145.04336,-37.77863,Non-Intersection,BANYULE,METROPOLITAN NORTH WEST REGION,2503819.769,2413593.465,1,1,0,0,1,0,1,0,1,0,0,0,0,0,0,0,0,0,0,0,No,0,2,0,0,0,0,Metropolitan Excluding CBD,Metropolitan Excluding CBD,BANYULE,METROPOLITAN NORTH WEST REGION,,,Local Road,Local Road,Undivided,Undivided,Metro
-38.06066157,145.3110075,1055,T20100030635,ABS to receive accident,Finished,02-08-2010,07.59.00,No,Collision with vehicle,Monday,LEFT NEAR (INTERSECTIONS ONLY),No,Day,Yes,T intersection,Other injury accident,50,No,46881,145.31101,-38.06066,Intersection,CASEY,METROPOLITAN SOUTH EAST REGION,2527294.511,2382246.293,2,1,0,0,1,1,1,1,0,0,2,0,0,0,0,0,0,0,0,1,No,0,2,0,2,0,0,Metropolitan Excluding CBD,Metropolitan Excluding CBD,CASEY,METROPOLITAN SOUTH EAST REGION,,,Local Road,Local Road,Undivided,Undivided,Metro
-37.83163546,144.9422925,1056,T20100030638,ABS to receive accident,Finished,02-08-2010,08.33.00,No,Collision with vehicle,Monday,REAR END(VEHICLES IN SAME LANE),No,Day,Yes,T intersection,Other injury accident,60,No,37412,144.94229,-37.83164,Intersection,PORT PHILLIP,METROPOLITAN NORTH WEST REGION,2494920.077,2407709.807,3,1,0,0,1,2,2,1,0,0,3,0,0,0,0,0,0,0,0,0,No,0,3,1,2,0,0,Metropolitan Excluding CBD,Metropolitan Excluding CBD,PORT PHILLIP,METROPOLITAN NORTH WEST REGION,,,Arterial Other,"Arterial Other,Local Road",Undivided,Undivided,Metro
-37.83736978,144.9790345,1057,T20100030645,ABS to receive accident,Finished,02-08-2010,08.39.00,No,Collision with vehicle,Monday,U TURN,No,Day,Yes,T intersection,Other injury accident,60,No,66765,144.97903,-37.83737,Intersection,MELBOURNE,METROPOLITAN NORTH WEST REGION,2498154.569,2407074.701,2,1,0,0,1,1,1,1,0,0,2,0,0,0,0,0,0,0,0,1,No,0,2,0,2,0,0,Metropolitan Excluding CBD,Metropolitan Excluding CBD,MELBOURNE,METROPOLITAN NORTH WEST REGION,,,Arterial Other,"Arterial Other,Local Road",Undivided,Undivided,Metro
-37.99085372,145.1446971,1058,T20100030661,ABS to receive accident,Finished,02-08-2010,05.45.00,Yes,Struck Pedestrian,Monday,PED NEAR SIDE. PED HIT BY VEHICLE FROM THE RIGHT.,No,Dark Street lights on,No,Cross intersection,Serious injury accident,80,No,70726,145.1447,-37.99085,Intersection,DANDENONG,METROPOLITAN SOUTH EAST REGION,2512710.644,2390029.739,2,1,0,1,0,1,2,0,0,0,1,1,0,0,0,0,0,0,0,0,No,0,1,0,1,0,0,Metropolitan Excluding CBD,Metropolitan Excluding CBD,"KINGSTON,DANDENONG",METROPOLITAN SOUTH EAST REGION,,,Arterial Highway,Arterial Highway,Undivided,Undivided,Metro
-37.77611653,144.9606042,1059,T20100030662,ABS to receive accident,Finished,02-08-2010,09.50.00,No,Collision with vehicle,Monday,RIGHT THROUGH,No,Day,Yes,Cross intersection,Other injury accident,40,No,45640,144.9606,-37.77612,Intersection,MORELAND,METROPOLITAN NORTH WEST REGION,2496529.485,2413872.496,2,1,0,0,1,1,2,0,1,0,1,0,0,0,0,0,0,0,0,0,No,0,2,0,1,0,0,Metropolitan Excluding CBD,Metropolitan Excluding CBD,MORELAND,METROPOLITAN NORTH WEST REGION,,,Arterial Other,"Arterial Other,Local Road",Undivided,Undivided,Metro
-37.69542256,145.1379365,1060,T20100030672,ABS to receive accident,Finished,02-08-2010,08.45.00,No,Collision with vehicle,Monday,LEFT NEAR (INTERSECTIONS ONLY),No,Day,Yes,T intersection,Other injury accident,50,No,235104,145.13794,-37.69542,Intersection,BANYULE,METROPOLITAN NORTH WEST REGION,2512164.282,2422820.121,5,2,0,0,2,3,1,4,0,3,2,0,0,0,0,0,0,0,0,0,No,0,2,0,2,0,0,Metropolitan Excluding CBD,Metropolitan Excluding CBD,BANYULE,METROPOLITAN NORTH WEST REGION,,,Local Road,Local Road,Undivided,Undivided,Metro
-37.80175214,145.3080234,1061,T20100030677,ABS to receive accident,Finished,02-08-2010,10.00.00,No,Struck Pedestrian,Monday,PED NEAR SIDE. PED HIT BY VEHICLE FROM THE RIGHT.,No,Day,Yes,Cross intersection,Serious injury accident,60,No,35482,145.30802,-37.80175,Intersection,MAROONDAH,METROPOLITAN SOUTH EAST REGION,2527125.596,2410984.135,2,1,0,1,0,1,1,1,0,0,1,1,0,0,0,0,0,1,1,0,No,0,1,0,1,0,0,Metropolitan Excluding CBD,Metropolitan Excluding CBD,"YARRA RANGES,MAROONDAH",METROPOLITAN SOUTH EAST REGION,,,Arterial Other,"Arterial Other,Local Road",Undivided,Undivided,Metro
-37.77999166,144.9866833,1062,T20100030680,ABS to receive accident,Finished,02-08-2010,06.00.00,Yes,Struck Pedestrian,Monday,FAR SIDE. PED HIT BY VEHICLE FROM THE LEFT,No,Dark Street lights unknown,No,Cross intersection,Other injury accident,50,No,400,144.98668,-37.77999,Intersection,YARRA,METROPOLITAN NORTH WEST REGION,2498826.942,2413443.048,2,1,0,0,1,1,2,0,0,0,1,1,0,0,0,0,0,0,0,0,No,0,1,0,1,0,0,Metropolitan Excluding CBD,Metropolitan Excluding CBD,YARRA,METROPOLITAN NORTH WEST REGION,,,Arterial Other,"Arterial Other,Local Road",Undivided,Undivided,Metro
-37.96796977,145.1955524,1063,T20100030685,ABS to receive accident,Finished,02-08-2010,12.15.00,No,Collision with vehicle,Monday,RIGHT THROUGH,No,Day,Yes,Multiple intersection,Other injury accident,80,No,224162,145.19555,-37.96797,Intersection,DANDENONG,METROPOLITAN SOUTH EAST REGION,2517183.143,2392561.763,2,1,0,0,1,1,0,2,0,0,2,0,0,0,0,0,0,0,0,1,No,0,2,0,2,0,0,Metropolitan Excluding CBD,Metropolitan Excluding CBD,DANDENONG,METROPOLITAN SOUTH EAST REGION,M,M,Freeway,"Freeway,Arterial Highway",Undivided,Undivided,Metro
-37.78989081,145.0996975,1064,T20100030689,ABS to receive accident,Finished,02-08-2010,11.41.00,No,Collision with a fixed object,Monday,LEFT OFF CARRIAGEWAY INTO OBJECT/PARKED VEHICLE,No,Day,No,Cross intersection,Serious injury accident,60,Yes,39206,145.0997,-37.78989,Intersection,BOROONDARA,METROPOLITAN SOUTH EAST REGION,2508781.1,2412339.866,1,1,0,1,0,0,1,0,0,0,1,0,0,0,0,0,0,0,0,0,Yes,0,1,0,1,0,0,Metropolitan Excluding CBD,Metropolitan Excluding CBD,BOROONDARA,METROPOLITAN SOUTH EAST REGION,,,Arterial Other,"Arterial Other,Local Road",Undivided,Undivided,Metro
-37.89671305,144.754149,1065,T20100030691,ABS to receive accident,Finished,02-08-2010,12.35.00,No,Collision with a fixed object,Monday,LEFT OFF CARRIAGEWAY INTO OBJECT/PARKED VEHICLE,No,Day,Yes,Cross intersection,Other injury accident,70,Yes,235333,144.75415,-37.89671,Intersection,WYNDHAM,METROPOLITAN NORTH WEST REGION,2478376.717,2400460.487,1,1,0,0,1,0,1,0,0,0,1,0,0,0,0,0,0,0,1,0,No,0,1,0,1,0,0,Metropolitan Excluding CBD,Metropolitan Excluding CBD,WYNDHAM,METROPOLITAN NORTH WEST REGION,,,Arterial Other,"Arterial Other,Local Road",Undivided,Undivided,Metro
-37.91288368,145.1850252,1066,T20100030692,ABS to receive accident,Finished,02-08-2010,13.05.00,No,Collision with vehicle,Monday,PULLING OUT (OVERTAKING),No,Day,Yes,Not at intersection,Other injury accident,50,No,235156,145.18503,-37.91288,Non-Intersection,MONASH,METROPOLITAN SOUTH EAST REGION,2516270.003,2398677.793,2,1,0,0,1,1,1,1,0,0,1,0,0,1,0,0,0,0,0,0,No,0,2,0,1,1,0,Metropolitan Excluding CBD,Metropolitan Excluding CBD,MONASH,METROPOLITAN SOUTH EAST REGION,,,Local Road,Local Road,Undivided,Undivided,Metro
-37.75986343,145.0033329,1067,T20100030697,ABS to receive accident,Finished,02-08-2010,12.32.00,No,Collision with vehicle,Monday,U TURN,No,Day,Yes,Not at intersection,Other injury accident,50,No,235157,145.00333,-37.75986,Non-Intersection,DAREBIN,METROPOLITAN NORTH WEST REGION,2500293.669,2415677.062,2,1,0,0,1,1,2,0,0,0,1,0,0,1,0,0,0,0,0,0,No,0,2,0,1,1,0,Metropolitan Excluding CBD,Metropolitan Excluding CBD,DAREBIN,METROPOLITAN NORTH WEST REGION,,,Local Road,Local Road,Undivided,Undivided,Metro
-36.73013449,144.2795497,1068,T20100030707,ABS to receive accident,Finished,26-07-2010,16.30.00,No,Collision with vehicle,Monday,LEFT REAR,No,Day,No,Not at intersection,Other injury accident,60,No,235105,144.27955,-36.73013,Non-Intersection,BENDIGO,NORTHERN REGION,2435655.242,2529700.453,7,2,0,0,2,5,3,4,0,5,2,0,0,0,0,0,0,0,0,0,No,0,2,0,2,0,0,Large Provincial Cities,Large Provincial Cities,BENDIGO,NORTHERN REGION,,,Local Road,Local Road,Undivided,Undivided,Country
-37.0553501,144.2212485,1069,T20100030708,ABS to receive accident,Finished,02-08-2010,15.00.00,No,Collision with vehicle,Monday,CROSS TRAFFIC(INTERSECTIONS ONLY),No,Day,Yes,Cross intersection,Other injury accident,50,No,60054,144.22125,-37.05535,Intersection,MOUNT ALEXANDER,NORTHERN REGION,2430743.554,2493575.012,3,1,0,0,1,2,2,1,0,1,2,0,0,0,0,0,0,0,0,1,No,0,2,0,2,0,0,Other Towns,Other Towns,MOUNT ALEXANDER,NORTHERN REGION,,,Local Road,Local Road,Undivided,Undivided,Country
-37.9144729,145.3167254,1070,T20100030710,ABS to receive accident,Finished,02-08-2010,14.45.00,No,Collision with vehicle,Monday,RIGHT REAR.,No,Day,Yes,Not at intersection,Other injury accident,90,No,127508,145.31673,-37.91447,Non-Intersection,YARRA RANGES,METROPOLITAN SOUTH EAST REGION,2527850.303,2398470.885,2,1,0,0,1,1,1,1,0,0,2,0,0,0,0,0,0,0,0,2,No,0,2,0,2,0,0,Metropolitan Excluding CBD,Metropolitan Excluding CBD,YARRA RANGES,METROPOLITAN SOUTH EAST REGION,,,Local Road,Local Road,Undivided,Undivided,Metro
-37.8526906,145.1533041,1071,T20100030717,ABS to receive accident,Finished,01-08-2010,17.52.00,Yes,Collision with vehicle,Sunday,LANE SIDE SWIPE (VEHICLES IN PARALLEL LANES),Yes,Dark Street lights on,Yes,Not at intersection,Other injury accident,80,No,235723,145.1533,-37.85269,Non-Intersection,WHITEHORSE,METROPOLITAN SOUTH EAST REGION,2513491.4,2405363.603,3,1,0,0,1,2,2,1,0,1,2,0,0,0,0,0,0,0,0,1,No,1,2,0,2,0,0,Metropolitan Excluding CBD,Metropolitan Excluding CBD,WHITEHORSE,METROPOLITAN SOUTH EAST REGION,,,Arterial Highway,Arterial Highway,Undivided,Undivided,Metro
-37.88846778,145.2629222,1072,T20100030720,ABS to receive accident,Finished,02-08-2010,14.30.00,No,Collision with vehicle,Monday,RIGHT THROUGH,No,Day,Yes,Cross intersection,Other injury accident,70,No,41910,145.26292,-37.88847,Intersection,KNOX,METROPOLITAN SOUTH EAST REGION,2523127.267,2401371.623,3,1,0,0,1,2,3,0,0,1,2,0,0,0,0,0,0,0,0,0,No,0,2,0,2,0,0,Metropolitan Excluding CBD,Metropolitan Excluding CBD,KNOX,METROPOLITAN SOUTH EAST REGION,,,Arterial Other,"Arterial Other,Local Road",Undivided,Undivided,Metro
-37.90076035,144.7060777,1073,T20100030724,ABS to receive accident,Finished,02-08-2010,07.45.00,No,Collision with vehicle,Monday,RIGHT NEAR (INTERSECTIONS ONLY),No,Day,No,T intersection,Other injury accident,70,No,54227,144.70608,-37.90076,Intersection,WYNDHAM,METROPOLITAN NORTH WEST REGION,2474150.118,2399999.288,3,1,0,0,1,2,1,0,1,1,1,0,0,0,0,0,0,0,0,0,No,0,2,0,1,0,0,Country,Country,WYNDHAM,METROPOLITAN NORTH WEST REGION,,,Local Road,Local Road,Undivided,Undivided,Metro
-37.9631747,145.1111812,1074,T20100030734,ABS to receive accident,Finished,02-08-2010,12.45.00,No,Collision with a fixed object,Monday,LEFT OFF CARRIAGEWAY INTO OBJECT/PARKED VEHICLE,No,Day,Yes,Not at intersection,Other injury accident,80,Yes,235697,145.11118,-37.96317,Non-Intersection,KINGSTON,METROPOLITAN SOUTH EAST REGION,2509770.093,2393105.934,1,1,0,0,1,0,1,0,0,0,1,0,0,0,0,0,0,0,0,1,No,0,1,0,1,0,0,Metropolitan Excluding CBD,Metropolitan Excluding CBD,KINGSTON,METROPOLITAN SOUTH EAST REGION,,,Arterial Other,Arterial Other,Undivided,Undivided,Metro
-37.92928997,145.4255728,1075,T20100030759,ABS to receive accident,Finished,02-08-2010,17.52.00,No,Collision with vehicle,Monday,RIGHT REAR.,No,Dark Street lights on,Yes,T intersection,Serious injury accident,60,No,35920,145.42557,-37.92929,Intersection,CARDINIA,METROPOLITAN SOUTH EAST REGION,2537414.067,2396789.004,2,1,0,1,0,1,1,1,0,0,2,0,0,0,0,0,0,0,0,1,No,0,2,0,2,0,0,Metropolitan Excluding CBD,Metropolitan Excluding CBD,CARDINIA,METROPOLITAN SOUTH EAST REGION,C,C,Arterial Other,"Arterial Other,Local Road",Undivided,Undivided,Metro
-37.92877587,145.1207789,1076,T20100030768,ABS to receive accident,Finished,02-08-2010,18.30.00,Yes,Struck Pedestrian,Monday,PED NEAR SIDE. PED HIT BY VEHICLE FROM THE RIGHT.,No,Dark Street lights on,Yes,T intersection,Serious injury accident,60,No,42408,145.12078,-37.92878,Intersection,KINGSTON,METROPOLITAN SOUTH EAST REGION,2510618.331,2396922.956,2,2,0,2,0,0,2,0,0,0,0,1,0,1,0,0,0,0,0,0,No,0,1,0,0,1,0,Metropolitan Excluding CBD,Metropolitan Excluding CBD,"MONASH,KINGSTON",METROPOLITAN SOUTH EAST REGION,,,Arterial Other,"Arterial Other,Local Road",Undivided,Undivided,Metro
-37.28571311,142.9494046,1077,T20100030771,ABS to receive accident,Finished,02-08-2010,18.55.00,Yes,Collision with a fixed object,Monday,LEFT OFF CARRIAGEWAY INTO OBJECT/PARKED VEHICLE,No,Dark Street lights on,Yes,Not at intersection,Serious injury accident,60,Yes,239727,142.9494,-37.28571,Non-Intersection,ARARAT,WESTERN REGION,2318197.708,2466338.074,3,2,0,2,0,1,1,2,0,2,1,0,0,0,0,0,0,0,0,0,No,0,1,0,1,0,0,Other Towns,Other Towns,ARARAT,WESTERN REGION,C,C,Arterial Other,Arterial Other,Undivided,Undivided,Country
-37.75729159,145.5590679,1078,T20100030783,ABS to receive accident,Finished,02-08-2010,23.15.00,Yes,Struck animal,Monday,STRUCK ANIMAL,No,Dark No street lights,Yes,Not at intersection,Other injury accident,100,No,235334,145.55907,-37.75729,Non-Intersection,YARRA RANGES,METROPOLITAN SOUTH EAST REGION,2549262.223,2415817.854,3,2,0,0,2,1,3,0,0,1,2,0,0,0,0,0,0,0,0,0,No,0,2,1,1,0,0,Country,Country,YARRA RANGES,METROPOLITAN SOUTH EAST REGION,,,Local Road,Local Road,Undivided,Undivided,Metro
-38.31006081,144.3394333,1079,T20100030786,ABS to receive accident,Finished,02-08-2010,18.13.00,Yes,Collision with vehicle,Monday,ACCIDENT OR BROKEN DOWN,No,Dark No street lights,Yes,Not at intersection,Fatal accident,80,No,235027,144.33943,-38.31006,Non-Intersection,SURF COAST,SOUTH WESTERN REGION,2442220.088,2354405.372,2,1,1,0,0,1,1,1,1,0,1,0,0,0,0,0,0,0,0,1,No,0,2,0,1,0,0,Small Provincial Cities,Small Provincial Cities,SURF COAST,SOUTH WESTERN REGION,,,Local Road,Local Road,Undivided,Undivided,Country
-37.81401056,145.2244419,1080,T20100030795,ABS to receive accident,Finished,03-08-2010,00.45.00,Yes,Collision with vehicle,Tuesday,VEHICLE COLLIDES WITH VEHICLE PARKED ON LEFT OF ROAD,No,Dark Street lights on,Yes,Not at intersection,Serious injury accident,60,No,235755,145.22444,-37.81401,Non-Intersection,MAROONDAH,METROPOLITAN SOUTH EAST REGION,2519761.934,2409644.197,1,1,0,1,0,0,0,1,0,0,1,0,0,0,0,0,0,0,0,0,Yes,0,2,0,2,0,0,Metropolitan Excluding CBD,Metropolitan Excluding CBD,MAROONDAH,METROPOLITAN SOUTH EAST REGION,,,Local Road,Local Road,Undivided,Undivided,Metro
-37.60321799,144.9771021,1081,T20100030802,ABS to receive accident,Finished,03-08-2010,06.21.00,No,Vehicle overturned (no collision),Tuesday,OFF CARRIAGEWAY TO LEFT,No,Dark No street lights,Yes,Not at intersection,Other injury accident,100,Yes,235158,144.9771,-37.60322,Non-Intersection,WHITTLESEA,METROPOLITAN NORTH WEST REGION,2497978.233,2433061.562,1,1,0,0,1,0,1,0,0,0,1,0,0,0,0,0,0,0,0,0,No,0,1,0,1,0,0,Country,Country,WHITTLESEA,METROPOLITAN NORTH WEST REGION,C,C,Arterial Other,Arterial Other,Undivided,Undivided,Metro
-38.28326431,145.0678685,1082,T20100030804,ABS to receive accident,Finished,02-08-2010,16.10.00,No,Collision with vehicle,Monday,RIGHT NEAR (INTERSECTIONS ONLY),No,Day,Yes,T intersection,Other injury accident,80,No,1027,145.06787,-38.28326,Intersection,MORNINGTON PENINSULA,METROPOLITAN SOUTH EAST REGION,2505938.638,2357578.492,2,1,0,0,1,1,0,2,0,0,2,0,0,0,0,0,0,0,0,1,No,0,2,0,2,0,0,Country,Country,MORNINGTON PENINSULA,METROPOLITAN SOUTH EAST REGION,C,C,Arterial Other,"Arterial Other,Local Road",Undivided,Undivided,Metro
-37.91463924,145.0168372,1083,T20100030805,ABS to receive accident,Finished,03-08-2010,06.16.00,No,Collision with vehicle,Tuesday,RIGHT THROUGH,No,Dark Street lights on,Yes,T intersection,Other injury accident,80,No,235110,145.01684,-37.91464,Intersection,BAYSIDE,METROPOLITAN SOUTH EAST REGION,2501480.532,2398498.62,3,1,0,0,1,2,2,1,0,0,3,0,0,0,0,0,0,0,0,0,No,0,3,1,2,0,0,Metropolitan Excluding CBD,Metropolitan Excluding CBD,BAYSIDE,METROPOLITAN SOUTH EAST REGION,,,Arterial Highway,"Arterial Highway,Arterial Other",Undivided,Undivided,Metro
-37.67063921,144.853199,1084,T20100030806,ABS to receive accident,Finished,02-08-2010,14.15.00,No,Collision with vehicle,Monday,CROSS TRAFFIC(INTERSECTIONS ONLY),No,Day,Yes,Cross intersection,Other injury accident,60,No,676,144.8532,-37.67064,Intersection,HUME,METROPOLITAN NORTH WEST REGION,2487049.742,2425569.441,6,1,0,0,1,5,3,3,0,4,2,0,0,0,0,0,0,0,0,0,No,0,2,0,2,0,0,Metropolitan Excluding CBD,Metropolitan Excluding CBD,HUME,METROPOLITAN NORTH WEST REGION,,,Local Road,Local Road,Undivided,Undivided,Metro
-37.79604569,144.7528361,1085,T20100030810,ABS to receive accident,Finished,03-08-2010,09.04.00,No,Collision with vehicle,Tuesday,REAR END(VEHICLES IN SAME LANE),No,Day,No,Cross intersection,Other injury accident,60,No,38497,144.75284,-37.79605,Non-Intersection,BRIMBANK,METROPOLITAN NORTH WEST REGION,2478232.235,2411633.1,2,1,0,0,1,1,2,0,0,0,2,0,0,0,0,0,0,0,0,1,No,0,2,0,2,0,0,Metropolitan Excluding CBD,"Metropolitan Excluding CBD,Country","MELTON,BRIMBANK",METROPOLITAN NORTH WEST REGION,,,Arterial Other,Arterial Other,Undivided,Undivided,Metro
-37.9097934,145.3772702,1086,T20100030818,ABS to receive accident,Finished,03-08-2010,08.30.00,No,Vehicle overturned (no collision),Tuesday,OFF CARRIAGEWAY ON LEFT BEND,No,Day,Yes,Not at intersection,Serious injury accident,60,Yes,235189,145.37727,-37.90979,Non-Intersection,YARRA RANGES,METROPOLITAN SOUTH EAST REGION,2533176.166,2398970.863,1,1,0,1,0,0,0,1,0,0,1,0,0,0,0,0,0,0,0,0,No,0,1,0,1,0,0,Metropolitan Excluding CBD,Metropolitan Excluding CBD,YARRA RANGES,METROPOLITAN SOUTH EAST REGION,C,C,Arterial Other,Arterial Other,Undivided,Undivided,Metro
-37.78198256,144.9716138,1087,T20100030825,ABS to receive accident,Finished,03-08-2010,09.40.00,No,Collision with vehicle,Tuesday,CROSS TRAFFIC(INTERSECTIONS ONLY),No,Day,Yes,Cross intersection,Other injury accident,50,No,29359,144.97161,-37.78198,Intersection,YARRA,METROPOLITAN NORTH WEST REGION,2497499.552,2413221.796,4,2,0,0,2,2,1,3,1,2,1,0,0,0,0,0,0,0,0,0,No,0,2,0,1,0,0,Metropolitan Excluding CBD,Metropolitan Excluding CBD,YARRA,METROPOLITAN NORTH WEST REGION,,,Local Road,Local Road,Undivided,Undivided,Metro
-37.31938789,145.044677,1088,T20100030826,ABS to receive accident,Finished,03-08-2010,06.20.00,No,Collision with vehicle,Tuesday,OUT OF CONTROL ON CARRIAGEWAY (ON STRAIGHT),No,Dark No street lights,Yes,Not at intersection,Fatal accident,110,No,235644,145.04468,-37.31939,Non-Intersection,MITCHELL,NORTHERN REGION,2503959.543,2464558.395,7,3,1,1,1,4,7,0,0,1,6,0,0,0,0,0,0,0,0,1,No,0,6,1,5,0,0,Country,Country,MITCHELL,NORTHERN REGION,M,M,Freeway,Freeway,Undivided,Undivided,Country
-36.75791853,144.2954108,1089,T20100030839,ABS to receive accident,Finished,03-08-2010,11.10.00,No,Collision with vehicle,Tuesday,RIGHT NEAR (INTERSECTIONS ONLY),No,Day,Yes,Cross intersection,Other injury accident,60,No,51607,144.29541,-36.75792,Intersection,BENDIGO,NORTHERN REGION,2437094.622,2526628.303,2,1,0,0,1,1,0,2,0,0,2,0,0,0,0,0,0,0,0,0,No,0,2,0,2,0,0,Large Provincial Cities,Large Provincial Cities,BENDIGO,NORTHERN REGION,B,B,Arterial Highway,"Arterial Highway,Local Road",Undivided,Undivided,Country
-38.0755988,144.354455,1090,T20100030842,ABS to receive accident,Finished,03-08-2010,11.30.00,No,Collision with a fixed object,Tuesday,LEFT OFF CARRIAGEWAY INTO OBJECT/PARKED VEHICLE,No,Day,Yes,Not at intersection,Other injury accident,50,Yes,239778,144.35446,-38.0756,Non-Intersection,GEELONG,SOUTH WESTERN REGION,2443357.53,2380440.797,1,1,0,0,1,0,0,1,0,0,1,0,0,0,0,0,0,0,1,0,No,0,1,0,1,0,0,Large Provincial Cities,Large Provincial Cities,GEELONG,SOUTH WESTERN REGION,,,Local Road,Local Road,Undivided,Undivided,Country
-37.63944119,144.9194811,1091,T20100030845,ABS to receive accident,Finished,03-08-2010,09.35.00,No,Collision with vehicle,Tuesday,RIGHT NEAR (INTERSECTIONS ONLY),No,Day,Yes,T intersection,Fatal accident,80,No,37128,144.91948,-37.63944,Intersection,HUME,METROPOLITAN NORTH WEST REGION,2492893.977,2429038.787,4,4,1,2,1,0,2,2,0,2,2,0,0,0,0,0,0,0,0,0,No,0,2,1,1,0,0,Metropolitan Excluding CBD,Metropolitan Excluding CBD,HUME,METROPOLITAN NORTH WEST REGION,,,Arterial Other,"Arterial Other,Local Road",Undivided,Undivided,Metro
-37.74317066,144.7904644,1092,T20100030847,ABS to receive accident,Finished,03-08-2010,10.50.00,No,Collision with a fixed object,Tuesday,RIGHT OFF CARRIAGEWAY INTO OBJECT/PARKED VEHICLE,No,Day,Yes,Not at intersection,Serious injury accident,60,Yes,246068,144.79046,-37.74317,Non-Intersection,BRIMBANK,METROPOLITAN NORTH WEST REGION,2481533.248,2417509.382,1,1,0,1,0,0,1,0,0,0,1,0,0,0,0,0,0,0,0,0,No,0,1,0,1,0,0,Metropolitan Excluding CBD,Metropolitan Excluding CBD,BRIMBANK,METROPOLITAN NORTH WEST REGION,,,Arterial Other,Arterial Other,Undivided,Undivided,Metro
-36.76460576,144.2693062,1093,T20100030851,ABS to receive accident,Finished,03-08-2010,10.15.00,No,Collision with vehicle,Tuesday,REAR END(VEHICLES IN SAME LANE),No,Day,Yes,Cross intersection,Other injury accident,60,No,51646,144.26931,-36.76461,Intersection,BENDIGO,NORTHERN REGION,2434769.75,2525868.758,4,1,0,0,1,3,1,3,0,0,4,0,0,0,0,0,0,0,0,1,No,0,4,0,4,0,0,Large Provincial Cities,Large Provincial Cities,BENDIGO,NORTHERN REGION,A,A,Arterial Highway,"Arterial Highway,Local Road",Undivided,Undivided,Country
-37.81694709,145.0364083,1094,T20100030857,ABS to receive accident,Finished,03-08-2010,13.30.00,No,Collision with vehicle,Tuesday,HEAD ON (NOT OVERTAKING),No,Day,No,T intersection,Serious injury accident,50,No,38932,145.03641,-37.81695,Intersection,BOROONDARA,METROPOLITAN SOUTH EAST REGION,2503205.597,2409340.962,2,1,0,1,0,1,2,0,0,0,2,0,0,0,0,0,0,0,0,0,No,0,2,0,2,0,0,Metropolitan Excluding CBD,Metropolitan Excluding CBD,BOROONDARA,METROPOLITAN SOUTH EAST REGION,,,Arterial Other,"Arterial Other,Local Road",Undivided,Undivided,Metro
-37.65364377,142.404569,1095,T20100030867,ABS to receive accident,Finished,03-08-2010,12.45.00,No,Collision with a fixed object,Tuesday,RIGHT OFF CARRIAGEWAY INTO OBJECT/PARKED VEHICLE,No,Day,Yes,Not at intersection,Serious injury accident,100,Yes,235204,142.40457,-37.65364,Non-Intersection,SOUTHERN GRAMPIANS,SOUTH WESTERN REGION,2271017.255,2424344.029,2,2,0,1,1,0,2,0,0,1,1,0,0,0,0,0,0,0,0,0,No,0,1,0,1,0,0,Country,Country,SOUTHERN GRAMPIANS,SOUTH WESTERN REGION,B,B,Arterial Highway,Arterial Highway,Undivided,Undivided,Country
-37.68308599,144.5846397,1096,T20100030876,ABS to receive accident,Finished,03-08-2010,15.15.00,No,Collision with vehicle,Tuesday,REAR END(VEHICLES IN SAME LANE),No,Day,Yes,Not at intersection,Other injury accident,50,No,236816,144.58464,-37.68309,Non-Intersection,MELTON,METROPOLITAN NORTH WEST REGION,2463364.534,2424118.146,4,1,0,0,1,3,3,1,0,1,3,0,0,0,0,0,0,0,0,2,Yes,0,3,0,3,0,0,Small Provincial Cities,Small Provincial Cities,MELTON,METROPOLITAN NORTH WEST REGION,C,C,Arterial Other,Arterial Other,Undivided,Undivided,Metro
-37.8314667,145.0591847,1097,T20100030879,ABS to receive accident,Finished,02-08-2010,13.55.00,No,Struck Pedestrian,Monday,PED NEAR SIDE. PED HIT BY VEHICLE FROM THE RIGHT.,No,Day,No,Not at intersection,Other injury accident,50,No,235948,145.05918,-37.83147,Non-Intersection,BOROONDARA,METROPOLITAN SOUTH EAST REGION,2505209.969,2407728.457,2,1,0,0,1,1,0,2,0,0,1,1,0,0,0,0,0,0,0,0,No,0,1,0,1,0,0,Metropolitan Excluding CBD,Metropolitan Excluding CBD,BOROONDARA,METROPOLITAN SOUTH EAST REGION,,,Local Road,Local Road,Undivided,Undivided,Metro
-37.9416001,145.0703456,1098,T20100030881,ABS to receive accident,Finished,03-08-2010,13.30.00,No,Struck Pedestrian,Tuesday,ANY MANOEUVRE INVOLVING PED NOT INCLUDED IN DCAs 100-108.,No,Day,Yes,Not at intersection,Other injury accident,50,No,235162,145.07035,-37.9416,Non-Intersection,KINGSTON,METROPOLITAN SOUTH EAST REGION,2506183.414,2395504.006,2,1,0,0,1,1,2,0,0,0,1,1,0,0,0,0,0,0,0,0,No,0,2,0,2,0,0,Metropolitan Excluding CBD,Metropolitan Excluding CBD,KINGSTON,METROPOLITAN SOUTH EAST REGION,,,Local Road,Local Road,Undivided,Undivided,Metro
-37.9836191,145.2210296,1099,T20100030891,ABS to receive accident,Finished,03-08-2010,05.40.00,Yes,Collision with vehicle,Tuesday,CROSS TRAFFIC(INTERSECTIONS ONLY),No,Dark Street lights on,Yes,Cross intersection,Serious injury accident,60,No,29717,145.22103,-37.98362,Intersection,DANDENONG,METROPOLITAN SOUTH EAST REGION,2519417.781,2390819.869,2,2,0,1,1,0,1,1,0,0,2,0,0,0,0,0,0,0,0,0,No,0,2,0,2,0,0,Metropolitan Excluding CBD,Metropolitan Excluding CBD,DANDENONG,METROPOLITAN SOUTH EAST REGION,,,Arterial Highway,"Arterial Highway,Local Road",Undivided,Undivided,Metro
